[{"id":"3223b8bc-8ca4-47f9-9e8a-19403efdfbe1","name":"Draft Article","codename":"draft_article","type":{"id":"1266fb0f-730f-4120-89dc-8a17aac332ed"},"collection":{"id":"00000000-0000-0000-0000-000000000000"},"sitemap_locations":[],"last_modified":"2023-07-11T08:23:50.126783Z"},{"id":"3bf46ea5-632b-46b0-9e55-0dccd9a77b79","name":"Published Article","codename":"published_article","type":{"id":"1266fb0f-730f-4120-89dc-8a17aac332ed"},"collection":{"id":"00000000-0000-0000-0000-000000000000"},"sitemap_locations":[],"last_modified":"2023-07-11T08:23:50.5681071Z"},{"id":"92456606-af52-4cbc-a64c-28db1265ea15","name":"Published Article with Draft","codename":"published_article_with_draft","type":{"id":"1266fb0f-730f-4120-89dc-8a17aac332ed"},"collection":{"id":"00000000-0000-0000-0000-000000000000"},"sitemap_locations":[],"last_modified":"2023-07-11T08:23:51.1275327Z"}]