[{"id":"1266fb0f-730f-4120-89dc-8a17aac332ed","codename":"article","last_modified":"2023-07-11T08:22:16.9112042Z","name":"Article","content_groups":[],"elements":[{"maximum_text_length":null,"validation_regex":null,"default":null,"name":"Title","guidelines":null,"is_required":false,"is_non_localizable":false,"type":"text","id":"ccd0b547-6ad5-4e09-a976-7ba6dece0f44","codename":"title"},{"maximum_text_length":null,"maximum_image_size":null,"allowed_content_types":[],"allowed_item_link_types":[],"image_width_limit":null,"image_height_limit":null,"allowed_image_types":"any","allowed_blocks":["text"],"allowed_formatting":["unstyled","bold","italic","link"],"allowed_text_blocks":["paragraph","heading-two","heading-three","unordered-list","ordered-list"],"allowed_table_blocks":[],"allowed_table_formatting":[],"allowed_table_text_blocks":[],"name":"Body","guidelines":null,"is_required":false,"is_non_localizable":false,"type":"rich_text","id":"fd28391b-6485-4ba9-9a51-69937464077e","codename":"body"}]}]