[{"id":"8006725b-d340-4e5c-9b9f-c4da76c31b14","name":"Draft Article","codename":"draft_article","type":{"id":"8da062c2-7a20-583d-8e5b-90eea6779d1d"},"collection":{"id":"00000000-0000-0000-0000-000000000000"},"sitemap_locations":[],"last_modified":"2023-07-11T17:29:45.3869988Z"},{"id":"c7e4d4ef-f5a4-4ceb-81dd-4ee9e9c26ae6","name":"Published Article","codename":"published_article","type":{"id":"8da062c2-7a20-583d-8e5b-90eea6779d1d"},"collection":{"id":"00000000-0000-0000-0000-000000000000"},"sitemap_locations":[],"last_modified":"2023-07-11T17:29:45.5358523Z"},{"id":"80b1cd99-6aaf-4be2-b5a4-fdcff5ea7a57","name":"Published Article with Draft","codename":"published_article_with_draft","type":{"id":"8da062c2-7a20-583d-8e5b-90eea6779d1d"},"collection":{"id":"00000000-0000-0000-0000-000000000000"},"sitemap_locations":[],"last_modified":"2023-07-11T17:29:45.6876424Z"},{"id":"1efe554a-da35-44ed-9108-3c0acf69a27d","name":"Archived Article","codename":"archived_article","type":{"id":"8da062c2-7a20-583d-8e5b-90eea6779d1d"},"collection":{"id":"00000000-0000-0000-0000-000000000000"},"sitemap_locations":[],"last_modified":"2023-07-11T17:30:11.4207769Z"}]