[{"elements":[{"element":{"id":"366eb918-176d-5682-826b-b2c53adbae1c"},"value":"Article Title"},{"components":[],"element":{"id":"e96f29c3-47de-5361-a2dd-674402954ae4"},"value":"<p><strong>First article intro text block.</strong></p>\n<p>The quick brown fox jumped over the lazy dogs.</p>"}],"workflow_step":{"id":"eee6db3b-545a-4785-8e86-e3772c8756f9"},"workflow":{"workflow_identifier":{"id":"00000000-0000-0000-0000-000000000000"},"step_identifier":{"id":"eee6db3b-545a-4785-8e86-e3772c8756f9"}},"item":{"id":"8006725b-d340-4e5c-9b9f-c4da76c31b14"},"language":{"id":"00000000-0000-0000-0000-000000000000"},"last_modified":"2023-07-11T17:30:41.8335779Z"},{"elements":[{"element":{"id":"366eb918-176d-5682-826b-b2c53adbae1c"},"value":"Article Title"},{"components":[],"element":{"id":"e96f29c3-47de-5361-a2dd-674402954ae4"},"value":"<p><strong>Second article intro text block.</strong></p>\n<p>The quick brown fox jumped over the lazy dogs.</p>"}],"workflow_step":{"id":"eee6db3b-545a-4785-8e86-e3772c8756f9"},"workflow":{"workflow_identifier":{"id":"00000000-0000-0000-0000-000000000000"},"step_identifier":{"id":"eee6db3b-545a-4785-8e86-e3772c8756f9"}},"item":{"id":"c7e4d4ef-f5a4-4ceb-81dd-4ee9e9c26ae6"},"language":{"id":"00000000-0000-0000-0000-000000000000"},"last_modified":"2023-07-11T17:31:00.5400935Z"},{"elements":[{"element":{"id":"366eb918-176d-5682-826b-b2c53adbae1c"},"value":"Article Title"},{"components":[],"element":{"id":"e96f29c3-47de-5361-a2dd-674402954ae4"},"value":"<p><strong>Third article intro text block.</strong></p>\n<p>The quick brown fox jumped over the lazy dogs.</p>"}],"workflow_step":{"id":"eee6db3b-545a-4785-8e86-e3772c8756f9"},"workflow":{"workflow_identifier":{"id":"00000000-0000-0000-0000-000000000000"},"step_identifier":{"id":"eee6db3b-545a-4785-8e86-e3772c8756f9"}},"item":{"id":"80b1cd99-6aaf-4be2-b5a4-fdcff5ea7a57"},"language":{"id":"00000000-0000-0000-0000-000000000000"},"last_modified":"2023-07-11T17:31:08.6286456Z"},{"elements":[{"element":{"id":"366eb918-176d-5682-826b-b2c53adbae1c"},"value":"Article Title"},{"components":[],"element":{"id":"e96f29c3-47de-5361-a2dd-674402954ae4"},"value":"<p>The quick brown fox jumped over the lazy dogs.</p>"}],"workflow_step":{"id":"eee6db3b-545a-4785-8e86-e3772c8756f9"},"workflow":{"workflow_identifier":{"id":"00000000-0000-0000-0000-000000000000"},"step_identifier":{"id":"eee6db3b-545a-4785-8e86-e3772c8756f9"}},"item":{"id":"1efe554a-da35-44ed-9108-3c0acf69a27d"},"language":{"id":"00000000-0000-0000-0000-000000000000"},"last_modified":"2023-07-11T17:30:50.1087294Z"}]