[{"elements":[{"element":{"id":"ccd0b547-6ad5-4e09-a976-7ba6dece0f44"},"value":"First Article"},{"components":[],"element":{"id":"fd28391b-6485-4ba9-9a51-69937464077e"},"value":"<p><strong>First article intro text block.</strong></p>\n<p>The quick brown fox jumped over the lazy dogs.</p>"}],"workflow_step":{"id":"eee6db3b-545a-4785-8e86-e3772c8756f9"},"workflow":{"workflow_identifier":{"id":"00000000-0000-0000-0000-000000000000"},"step_identifier":{"id":"eee6db3b-545a-4785-8e86-e3772c8756f9"}},"item":{"id":"3223b8bc-8ca4-47f9-9e8a-19403efdfbe1"},"language":{"id":"00000000-0000-0000-0000-000000000000"},"last_modified":"2023-07-11T08:23:50.2624079Z"},{"elements":[{"element":{"id":"ccd0b547-6ad5-4e09-a976-7ba6dece0f44"},"value":"Second Article"},{"components":[],"element":{"id":"fd28391b-6485-4ba9-9a51-69937464077e"},"value":"<p><strong>Second article intro text block.</strong></p>\n<p>The quick brown fox jumped over the lazy dogs.</p>"}],"workflow_step":{"id":"c199950d-99f0-4983-b711-6c4c91624b22"},"workflow":{"workflow_identifier":{"id":"00000000-0000-0000-0000-000000000000"},"step_identifier":{"id":"c199950d-99f0-4983-b711-6c4c91624b22"}},"item":{"id":"3bf46ea5-632b-46b0-9e55-0dccd9a77b79"},"language":{"id":"00000000-0000-0000-0000-000000000000"},"last_modified":"2023-07-11T08:23:50.7003124Z"},{"elements":[{"element":{"id":"ccd0b547-6ad5-4e09-a976-7ba6dece0f44"},"value":"Third Article"},{"components":[],"element":{"id":"fd28391b-6485-4ba9-9a51-69937464077e"},"value":"<p><strong>Third article intro text block.</strong></p>\n<p>The quick brown fox jumped over the lazy dogs.</p>"}],"workflow_step":{"id":"eee6db3b-545a-4785-8e86-e3772c8756f9"},"workflow":{"workflow_identifier":{"id":"00000000-0000-0000-0000-000000000000"},"step_identifier":{"id":"eee6db3b-545a-4785-8e86-e3772c8756f9"}},"item":{"id":"92456606-af52-4cbc-a64c-28db1265ea15"},"language":{"id":"00000000-0000-0000-0000-000000000000"},"last_modified":"2023-07-11T08:23:51.7864424Z"}]